Species,FunctionalGroup,Silhouette
Gila bicolor,FG2,-0.1611271036911327
Cyprinella gibbsi,FG3,-0.05319863877820252
Cottus greenei,FG3,-0.05245014490602862
Semotilus atromaculatus,FG4,-0.03647856325447296
Etheostoma tecumsehi,FG3,-0.013748262173234771
Macrhybopsis aestivalis,FG3,-0.0046580848070070235
